type,gene,fitness,waiting_time,queue_length,improvement_percent
baseline,"[20.0, 20.0, 20.0, 20.0]",183.27354742537264,145.05567010309278,78.16888888888889,0.0
optimized,"[27, 10, 10, 10]",88.7571503537192,50.758974358974356,43.99111111111111,51.57121603167511
