{
  "metadata": {
    "timestamp": "20251206_225904",
    "export_time": "2025-12-06T22:59:04.713784",
    "algorithm": "Parallel GA with Statistics"
  },
  "performance": {
    "baseline_fitness": 58.79358892935571,
    "best_fitness": 30.13171681285012,
    "improvement_percent": 48.7499957707033
  },
  "best_solution": {
    "genes": [
      12.3,
      11.7,
      24.5,
      25.1
    ],
    "fitness": 30.13171681285012
  },
  "total_generations": 25,
  "gene_length": 4,
  "convergence_data": {
    "generations": [
      0,
      1,
      2,
      3,
      4,
      5,
      6,
      7,
      8,
      9,
      10,
      11,
      12,
      13,
      14,
      15,
      16,
      17,
      18,
      19,
      20,
      21,
      22,
      23,
      24
    ],
    "best_fitness": [
      43.74732148528122,
      40.26645015705277,
      37.68758973085672,
      37.68758973085667,
      34.13477510426318,
      33.48635175280984,
      33.16472579038054,
      33.16472579038054,
      31.729871417045043,
      31.729871417045103,
      31.72987141704497,
      31.729871417045008,
      31.72987141704504,
      31.729871417045043,
      31.72987141704503,
      31.72987141704502,
      31.72987141704501,
      31.729871417044986,
      31.729871417045008,
      31.368553719860437,
      31.36855371986049,
      31.36855371986051,
      31.05976069243781,
      30.13171681285012,
      30.13171681285013
    ],
    "avg_fitness": [
      56.17187153947168,
      48.41311296849281,
      46.11991384140362,
      44.75315401316705,
      42.163850685916195,
      40.210846616786384,
      37.754942246404134,
      36.823757631121325,
      36.13039218150208,
      36.28338564625086,
      36.62433373286457,
      36.58729253516358,
      35.50266742582079,
      35.69120720362179,
      36.733666751026774,
      36.06209401800612,
      37.221207963434885,
      35.66463625064394,
      35.5397422788312,
      35.450855804212026,
      35.0937143433197,
      35.27836810225382,
      34.818832392278395,
      34.798963639905814,
      35.1295369773479
    ],
    "diversity": [
      1.0,
      1.0,
      1.0,
      1.0,
      1.0,
      0.95,
      1.0,
      1.0,
      1.0,
      1.0,
      1.0,
      1.0,
      1.0,
      1.0,
      1.0,
      1.0,
      1.0,
      1.0,
      1.0,
      1.0,
      0.95,
      1.0,
      1.0,
      1.0,
      1.0
    ]
  }
}