{
  "metadata": {
    "timestamp": "20251206_185116",
    "export_time": "2025-12-06T18:51:16.217356",
    "algorithm": "Parallel GA with Statistics"
  },
  "performance": {
    "baseline_fitness": 90.75062047684861,
    "best_fitness": 69.58914526948972,
    "improvement_percent": 23.31827054863762
  },
  "best_solution": {
    "genes": [
      17.5,
      20.1,
      30.0,
      10.0
    ],
    "fitness": 69.58914526948972
  },
  "total_generations": 25,
  "gene_length": 4,
  "convergence_data": {
    "generations": [
      0,
      1,
      2,
      3,
      4,
      5,
      6,
      7,
      8,
      9,
      10,
      11,
      12,
      13,
      14,
      15,
      16,
      17,
      18,
      19,
      20,
      21,
      22,
      23,
      24
    ],
    "best_fitness": [
      89.11588935070903,
      86.7247017681214,
      86.02291979330448,
      86.02291979330455,
      83.54566106059669,
      83.54566106059669,
      83.5456610605965,
      83.54566106059659,
      77.07849078858149,
      77.0784907885815,
      77.0784907885814,
      77.07849078858149,
      76.87905535847084,
      76.87905535847084,
      74.56694976407975,
      70.8957454497431,
      70.89574544974299,
      70.89574544974302,
      70.89574544974303,
      70.89574544974302,
      70.89574544974307,
      69.6688310609223,
      69.58914526948989,
      69.58914526948986,
      69.58914526948972
    ],
    "avg_fitness": [
      94.29611774915752,
      92.56115059067977,
      93.53858655351675,
      93.4866080432644,
      90.79951386861462,
      90.66094436002106,
      91.44391842138812,
      90.70024379294466,
      89.99132669386186,
      89.16421757925522,
      86.01960584728961,
      84.14364974031994,
      84.19292261353328,
      86.20822281580487,
      82.35404349608491,
      80.5913396751757,
      80.66138719473291,
      81.47155605659586,
      80.81007815376071,
      79.44389360535097,
      78.12126892633088,
      77.2403105192612,
      77.40630313318124,
      77.40977585858374,
      78.10660792139352
    ],
    "diversity": [
      1.0,
      1.0,
      1.0,
      1.0,
      0.9,
      1.0,
      1.0,
      1.0,
      1.0,
      1.0,
      0.9,
      1.0,
      1.0,
      1.0,
      1.0,
      1.0,
      1.0,
      1.0,
      1.0,
      1.0,
      1.0,
      0.95,
      0.95,
      0.9,
      0.95
    ]
  }
}