{
  "metadata": {
    "timestamp": "20251213_181416",
    "export_time": "2025-12-13T18:14:16.774456",
    "algorithm": "Parallel GA with Statistics"
  },
  "performance": {
    "baseline_fitness": 176.92238418023422,
    "best_fitness": 104.37348700685436,
    "improvement_percent": 41.006058961693
  },
  "best_solution": {
    "genes": [
      41.0,
      10.0,
      10.8,
      10.0
    ],
    "fitness": 104.37348700685436
  },
  "total_generations": 25,
  "gene_length": 4,
  "convergence_data": {
    "generations": [
      0,
      1,
      2,
      3,
      4,
      5,
      6,
      7,
      8,
      9,
      10,
      11,
      12,
      13,
      14,
      15,
      16,
      17,
      18,
      19,
      20,
      21,
      22,
      23,
      24
    ],
    "best_fitness": [
      142.5610603791201,
      142.56106037911982,
      142.5610603791199,
      138.8768422621346,
      134.36915997728084,
      114.57073698129165,
      114.57073698129159,
      114.57073698129143,
      111.0176995665293,
      111.01769956652905,
      111.01769956652902,
      111.01769956652902,
      109.64153989908516,
      109.21387150844448,
      108.95455388717436,
      108.95455388717438,
      104.3734870068544,
      104.37348700685446,
      104.37348700685445,
      104.3734870068544,
      104.37348700685449,
      104.37348700685436,
      104.37348700685436,
      104.37348700685439,
      104.37348700685446
    ],
    "avg_fitness": [
      179.0997159167418,
      176.60105737412806,
      173.816372737142,
      161.41549487732598,
      158.74140042160371,
      154.208991859871,
      149.99282640677518,
      150.7936348833935,
      148.35687539788145,
      148.07626653617356,
      143.47510846074385,
      137.9123386147665,
      136.18006586124557,
      130.69574688477016,
      121.07848138033091,
      128.35502212126784,
      138.55029624309435,
      139.7835524131905,
      137.38048661488907,
      134.726895712691,
      126.7190517503625,
      130.5764869291566,
      127.44051921703324,
      136.63750774966275,
      130.00594052807975
    ],
    "diversity": [
      1.0,
      1.0,
      1.0,
      1.0,
      0.95,
      1.0,
      1.0,
      1.0,
      1.0,
      1.0,
      0.95,
      1.0,
      1.0,
      0.9,
      0.7,
      0.75,
      0.75,
      1.0,
      1.0,
      1.0,
      0.95,
      0.9,
      0.9,
      0.9,
      0.9
    ]
  }
}