{
  "metadata": {
    "timestamp": "20251217_021730",
    "export_time": "2025-12-17T02:17:30.613016",
    "algorithm": "Parallel GA with Statistics"
  },
  "performance": {
    "baseline_fitness": 176.9223841802344,
    "best_fitness": 83.20866469511112,
    "improvement_percent": 52.968831456428504
  },
  "best_solution": {
    "genes": [
      24.4,
      27.2,
      10.0,
      10.0
    ],
    "fitness": 83.20866469511112
  },
  "total_generations": 25,
  "gene_length": 4,
  "convergence_data": {
    "generations": [
      0,
      1,
      2,
      3,
      4,
      5,
      6,
      7,
      8,
      9,
      10,
      11,
      12,
      13,
      14,
      15,
      16,
      17,
      18,
      19,
      20,
      21,
      22,
      23,
      24
    ],
    "best_fitness": [
      149.83594818206325,
      149.83594818206313,
      149.8359481820635,
      142.20356472170624,
      130.12078198780202,
      130.12078198780205,
      130.12078198780225,
      130.12078198780225,
      130.12078198780205,
      130.12078198780216,
      123.86612094247377,
      121.7259857304004,
      121.19096856031065,
      120.00435469855817,
      120.00435469855825,
      113.49027709457111,
      110.34836294645905,
      110.34836294645902,
      108.43853536194908,
      90.01845005674014,
      86.82117170087899,
      86.82117170087882,
      83.20866469511112,
      144.02451291927935,
      142.25061827243988
    ],
    "avg_fitness": [
      177.65812901496014,
      174.79935499457213,
      170.41152268398713,
      161.30453070585037,
      156.65911453331594,
      157.20537170739948,
      154.6221504789864,
      150.65647615221036,
      146.38018735649365,
      152.24362665843805,
      149.98058230246983,
      140.94946529191245,
      143.14045848581736,
      145.69965745138947,
      150.5787749448403,
      151.42780838885648,
      139.33192381387283,
      137.71418458582963,
      134.24198275109686,
      117.2860996568219,
      97.29622458859703,
      96.15971838116752,
      98.82404662833345,
      161.6018930731535,
      156.0803886338381
    ],
    "diversity": [
      1.0,
      1.0,
      1.0,
      0.95,
      1.0,
      1.0,
      1.0,
      1.0,
      0.95,
      0.95,
      1.0,
      1.0,
      0.9,
      0.95,
      1.0,
      1.0,
      0.95,
      0.85,
      0.85,
      0.85,
      1.0,
      1.0,
      0.95,
      0.95,
      0.95
    ]
  }
}