{
  "metadata": {
    "timestamp": "20251213_144606",
    "export_time": "2025-12-13T14:46:06.247781",
    "algorithm": "Parallel GA with Statistics"
  },
  "performance": {
    "baseline_fitness": 119.65630669058802,
    "best_fitness": 63.26215069701659,
    "improvement_percent": 47.130115873789805
  },
  "best_solution": {
    "genes": [
      30.0,
      28.8,
      10.0,
      10.0
    ],
    "fitness": 63.26215069701659
  },
  "total_generations": 25,
  "gene_length": 4,
  "convergence_data": {
    "generations": [
      0,
      1,
      2,
      3,
      4,
      5,
      6,
      7,
      8,
      9,
      10,
      11,
      12,
      13,
      14,
      15,
      16,
      17,
      18,
      19,
      20,
      21,
      22,
      23,
      24
    ],
    "best_fitness": [
      79.70045391049423,
      79.7004539104942,
      69.80044855859127,
      68.69603544605113,
      68.69603544605108,
      68.69603544605101,
      68.52652629585472,
      67.8371738608253,
      67.07227709826337,
      66.06769500108629,
      65.2210557902434,
      63.89158457961602,
      63.89158457961604,
      63.891584579615966,
      63.891584579615966,
      63.891584579616044,
      63.891584579616044,
      63.891584579615966,
      63.89158457961602,
      63.891584579615966,
      63.89158457961598,
      63.89158457961606,
      63.89158457961606,
      63.2621506970166,
      63.26215069701659
    ],
    "avg_fitness": [
      110.77576999059495,
      99.39351522150653,
      97.60473530500488,
      89.62268896888034,
      87.23299009537548,
      85.20548121642217,
      87.34050988190725,
      81.55193598189621,
      89.44427664985221,
      86.90254323379955,
      82.73058562517919,
      74.81246203729332,
      74.92423927366389,
      74.923372003689,
      73.70294256977236,
      75.8817269872295,
      73.68800017453617,
      84.00358881398083,
      78.69603295462676,
      73.6306232093588,
      77.81850213673432,
      74.39478209838278,
      76.31941767286699,
      74.92937985861667,
      74.16573598201707
    ],
    "diversity": [
      1.0,
      1.0,
      1.0,
      1.0,
      1.0,
      1.0,
      1.0,
      0.95,
      1.0,
      0.9,
      0.95,
      0.75,
      0.9,
      0.65,
      0.75,
      0.75,
      0.8,
      0.85,
      0.75,
      0.65,
      0.85,
      0.7,
      0.65,
      0.85,
      0.85
    ]
  }
}