{
  "metadata": {
    "timestamp": "20251213_004307",
    "export_time": "2025-12-13T00:43:07.714126",
    "algorithm": "Parallel GA with Statistics"
  },
  "performance": {
    "baseline_fitness": 63.89011607464647,
    "best_fitness": 20.098015880419226,
    "improvement_percent": 68.54284024631045
  },
  "best_solution": {
    "genes": [
      16.1,
      11.2
    ],
    "fitness": 20.098015880419226
  },
  "total_generations": 25,
  "gene_length": 2,
  "convergence_data": {
    "generations": [
      0,
      1,
      2,
      3,
      4,
      5,
      6,
      7,
      8,
      9,
      10,
      11,
      12,
      13,
      14,
      15,
      16,
      17,
      18,
      19,
      20,
      21,
      22,
      23,
      24
    ],
    "best_fitness": [
      41.932439854490376,
      33.86056559106261,
      33.86056559106255,
      33.86056559106251,
      33.86056559106257,
      33.86056559106251,
      32.52839654085359,
      29.363673896240236,
      24.468532817418264,
      24.4685328174183,
      23.83470499751253,
      23.83470499751254,
      23.834704997512482,
      23.83470499751253,
      23.83470499751252,
      23.834704997512492,
      23.834704997512528,
      20.098015880419254,
      20.09801588041927,
      20.098015880419254,
      20.09801588041925,
      20.09801588041925,
      20.098015880419226,
      20.098015880419226,
      20.098015880419226
    ],
    "avg_fitness": [
      94.77500583119297,
      68.96172613855123,
      61.50413863460155,
      53.96734391201608,
      57.965532409638456,
      43.04929004428434,
      51.57014167528909,
      51.15446324124504,
      51.493995612081655,
      44.033027944159684,
      45.92619474494554,
      64.34983828295687,
      46.401860051994696,
      57.17631009455871,
      62.449185236434516,
      53.042328426254,
      46.593834941777565,
      34.62487665804296,
      37.83081853916424,
      81.07897449286818,
      48.69943851347231,
      68.21266934246943,
      50.73986635225849,
      58.48557361135953,
      41.90874026364277
    ],
    "diversity": [
      1.0,
      0.85,
      0.75,
      0.8,
      0.8,
      0.75,
      0.8,
      0.9,
      0.85,
      0.75,
      0.75,
      0.85,
      0.9,
      1.0,
      0.95,
      0.85,
      0.85,
      0.85,
      0.85,
      0.9,
      0.85,
      0.8,
      0.75,
      0.75,
      0.8
    ]
  }
}